Job Number,Title,Company,Location,URL
1,Software Engineer - Labs,Upside Business Travel ," Washington, DC",https://www.glassdoor.com/partner/jobListing.htm?pos=101&ao=431449&s=149&guid=000001690e3adec69e8a835d84f56421&src=GD_JOB_AD&t=SRFJ&extid=4&exst=OL&ist=&ast=OL&vt=w&slr=true&cs=1_dfdabed7&cb=1550721933601&jobListingId=3098586615
2,Software Engineer,KeyW ," Washington, DC",https://www.glassdoor.com/partner/jobListing.htm?pos=102&ao=248315&s=149&guid=000001690e3adec69e8a835d84f56421&src=GD_JOB_AD&t=SRFJ&extid=4&exst=OL&ist=&ast=OL&vt=w&slr=true&cs=1_69c036e0&cb=1550721933602&jobListingId=3113422715
3,Software Engineer - Pivotal Labs,Pivotal Software ," Washington, DC",https://www.glassdoor.com/partner/jobListing.htm?pos=101&ao=457744&s=58&guid=000001690e3adec690b86183e7155b10&src=GD_JOB_AD&t=SR&extid=1&exst=OL&ist=&ast=OL&vt=w&slr=true&cs=1_709fa712&cb=1550721933603&jobListingId=3047749014
4,Software Engineer,Optoro ," Washington, DC",https://www.glassdoor.com/partner/jobListing.htm?pos=102&ao=331289&s=58&guid=000001690e3adec690b86183e7155b10&src=GD_JOB_AD&t=SR&extid=1&exst=OL&ist=&ast=OL&vt=w&slr=true&cs=1_adf2c75b&cb=1550721933605&jobListingId=2949103430
5,Software Engineer,Asymmetrik ," Annapolis Junction, MD",https://www.glassdoor.com/partner/jobListing.htm?pos=103&ao=357471&s=58&guid=000001690e3adec690b86183e7155b10&src=GD_JOB_AD&t=SR&extid=1&exst=OL&ist=&ast=OL&vt=w&slr=true&cs=1_db1057b3&cb=1550721933605&jobListingId=2565478177
6,Software Engineer,Reinventing Geospatial Inc. ," Fairfax, VA",https://www.glassdoor.com/partner/jobListing.htm?pos=104&ao=415709&s=58&guid=000001690e3adec690b86183e7155b10&src=GD_JOB_AD&t=SR&extid=1&exst=OL&ist=&ast=OL&vt=w&slr=true&cs=1_e549de13&cb=1550721933607&jobListingId=3097447599
7,Software Engineer,Ntrepid ," Herndon, VA",https://www.glassdoor.com/partner/jobListing.htm?pos=105&ao=445071&s=58&guid=000001690e3adec690b86183e7155b10&src=GD_JOB_AD&t=SR&extid=1&exst=OL&ist=&ast=OL&vt=w&slr=true&cs=1_306e9903&cb=1550721933607&jobListingId=3102170020
8,Entry Level Software Developer,EAI Technologies ," Washington, DC",https://www.glassdoor.com/partner/jobListing.htm?pos=106&ao=451669&s=58&guid=000001690e3adec690b86183e7155b10&src=GD_JOB_AD&t=SR&extid=1&exst=OL&ist=&ast=OL&vt=w&slr=true&cs=1_2efe4b6a&cb=1550721933608&jobListingId=3061640798
9,Software Engineer Intern,Ntrepid ," Herndon, VA",https://www.glassdoor.com/partner/jobListing.htm?pos=107&ao=445071&s=58&guid=000001690e3adec690b86183e7155b10&src=GD_JOB_AD&t=SR&extid=1&exst=OL&ist=&ast=OL&vt=w&slr=true&cs=1_0f6a2e1f&cb=1550721933609&jobListingId=3102170021
10,Software Engineer,Yext ," Washington, DC",https://www.glassdoor.com/partner/jobListing.htm?pos=108&ao=448900&s=58&guid=000001690e3adec690b86183e7155b10&src=GD_JOB_AD&t=SR&extid=1&exst=OL&ist=&ast=OL&vt=w&slr=true&aa=1&ea=1&cs=1_cc6cea85&cb=1550721933610&jobListingId=3100598932
11,Software Engineer,LookingGlass Cyber Solutions ," Reston, VA",https://www.glassdoor.com/partner/jobListing.htm?pos=109&ao=345749&s=58&guid=000001690e3adec690b86183e7155b10&src=GD_JOB_AD&t=SR&extid=1&exst=OL&ist=&ast=OL&vt=w&slr=true&cs=1_57127f94&cb=1550721933611&jobListingId=2860942247
12,Junior Software Engineer,Optoro ," Washington, DC",https://www.glassdoor.com/partner/jobListing.htm?pos=110&ao=331289&s=58&guid=000001690e3adec690b86183e7155b10&src=GD_JOB_AD&t=SR&extid=1&exst=OL&ist=&ast=OL&vt=w&slr=true&cs=1_b7b0f1a9&cb=1550721933612&jobListingId=2949103427
13,Software Engineer,GetUpside ," Washington, DC",https://www.glassdoor.com/partner/jobListing.htm?pos=111&ao=480289&s=58&guid=000001690e3adec690b86183e7155b10&src=GD_JOB_AD&t=SR&extid=1&exst=OL&ist=&ast=OL&vt=w&slr=true&aa=1&ea=1&cs=1_0a9793e3&cb=1550721933613&jobListingId=3108331292
14,Software Engineer,Integrity Applications ," Chantilly, VA",https://www.glassdoor.com/partner/jobListing.htm?pos=112&ao=315863&s=58&guid=000001690e3adec690b86183e7155b10&src=GD_JOB_AD&t=SR&extid=1&exst=OL&ist=&ast=OL&vt=w&slr=true&cs=1_c54cda51&cb=1550721933617&jobListingId=3065506837
15,Junior Software Engineer,Next Century ," Annapolis Junction, MD",https://www.glassdoor.com/partner/jobListing.htm?pos=113&ao=396416&s=58&guid=000001690e3adec690b86183e7155b10&src=GD_JOB_AD&t=SR&extid=1&exst=OL&ist=&ast=OL&vt=w&slr=true&cs=1_e889569f&cb=1550721933619&jobListingId=3114499525
16,Full Stack Engineer,Upside Business Travel ," Washington, DC",https://www.glassdoor.com/partner/jobListing.htm?pos=114&ao=431449&s=58&guid=000001690e3adec690b86183e7155b10&src=GD_JOB_AD&t=SR&extid=1&exst=OL&ist=&ast=OL&vt=w&slr=true&cs=1_ba9476ab&cb=1550721933620&jobListingId=3059776761
17,"Software Engineer, New Grad",Palantir Technologies ," Washington, DC",https://www.glassdoor.com/partner/jobListing.htm?pos=115&ao=85944&s=58&guid=000001690e3adec690b86183e7155b10&src=GD_JOB_AD&t=SR&extid=1&exst=OL&ist=&ast=OL&vt=w&slr=true&cs=1_e389911d&cb=1550721933621&jobListingId=2875942752
18,Software Engineer,LGS Innovations ," Herndon, VA",https://www.glassdoor.com/partner/jobListing.htm?pos=116&ao=191920&s=58&guid=000001690e3adec690b86183e7155b10&src=GD_JOB_AD&t=SR&extid=1&exst=OL&ist=&ast=OL&vt=w&slr=true&cs=1_1c6f647e&cb=1550721933622&jobListingId=2820816849
19,Software Engineer,The Evolvers Group ," Washington, DC",https://www.glassdoor.com/partner/jobListing.htm?pos=117&ao=83255&s=58&guid=000001690e3adec690b86183e7155b10&src=GD_JOB_AD&t=SR&extid=1&exst=OL&ist=&ast=OL&vt=w&slr=true&cs=1_d739836a&cb=1550721933624&jobListingId=3123863549
20,"Vice President, Engineering",Upside Business Travel ," Washington, DC",https://www.glassdoor.com/partner/jobListing.htm?pos=118&ao=482215&s=58&guid=000001690e3adec690b86183e7155b10&src=GD_JOB_AD&t=SR&extid=1&exst=OL&ist=&ast=OL&vt=w&slr=true&cs=1_d27af634&cb=1550721933625&jobListingId=3111121091
21,Full Stack Engineer,The Washington Post ," Washington, DC",https://www.glassdoor.com/partner/jobListing.htm?pos=119&ao=192731&s=58&guid=000001690e3adec690b86183e7155b10&src=GD_JOB_AD&t=SR&extid=1&exst=OL&ist=&ast=OL&vt=w&slr=true&cs=1_46f99544&cb=1550721933626&jobListingId=3101418041
22,Software Engineer,FREEDOM CONSULTING GROUP ," Annapolis Junction, MD",https://www.glassdoor.com/partner/jobListing.htm?pos=120&ao=434560&s=58&guid=000001690e3adec690b86183e7155b10&src=GD_JOB_AD&t=SR&extid=1&exst=OL&ist=&ast=OL&vt=w&slr=true&cs=1_4ae0aca7&cb=1550721933627&jobListingId=3098806689
23,Entry level Software Engineer,Dhatronictech ," Washington, DC",https://www.glassdoor.com/partner/jobListing.htm?pos=121&ao=389273&s=58&guid=000001690e3adec690b86183e7155b10&src=GD_JOB_AD&t=SR&extid=1&exst=OL&ist=&ast=OL&vt=w&slr=true&cs=1_1f75035f&cb=1550721933629&jobListingId=3116567708
24,Software Consultant,Counterpoint Consulting ," Vienna, VA",https://www.glassdoor.com/partner/jobListing.htm?pos=122&ao=469381&s=58&guid=000001690e3adec690b86183e7155b10&src=GD_JOB_AD&t=SR&extid=1&exst=OL&ist=&ast=OL&vt=w&slr=true&cs=1_f650298f&cb=1550721933630&jobListingId=3090875826
25,Deep Learning Engineer,NVIDIA ," Washington, DC",https://www.glassdoor.com/partner/jobListing.htm?pos=123&ao=149457&s=58&guid=000001690e3adec690b86183e7155b10&src=GD_JOB_AD&t=SR&extid=1&exst=OL&ist=&ast=OL&vt=w&slr=true&cs=1_3560566c&cb=1550721933631&jobListingId=2908080811
26,Software Engineer,Decisive Analytics ," Arlington, VA",https://www.glassdoor.com/partner/jobListing.htm?pos=124&ao=458589&s=58&guid=000001690e3adec690b86183e7155b10&src=GD_JOB_AD&t=SR&extid=1&exst=OL&ist=&ast=OL&vt=w&slr=true&cs=1_4f7dc8de&cb=1550721933632&jobListingId=3099188596
27,Entry Level Software Engineer,"Ideation, Inc. "," Reston, VA",https://www.glassdoor.com/partner/jobListing.htm?pos=125&ao=83255&s=58&guid=000001690e3adec690b86183e7155b10&src=GD_JOB_AD&t=SR&extid=1&exst=OL&ist=&ast=OL&vt=w&slr=true&cs=1_458f2832&cb=1550721933634&jobListingId=3115553831
28,Back End Engineer - Java Focused,The Washington Post ," Washington, DC",https://www.glassdoor.com/partner/jobListing.htm?pos=126&ao=192731&s=58&guid=000001690e3adec690b86183e7155b10&src=GD_JOB_AD&t=SR&extid=1&exst=OL&ist=&ast=OL&vt=w&slr=true&cs=1_5857666c&cb=1550721933635&jobListingId=3087902455
29,Software Engineering Intern - Summer 2019,Optoro ," Washington, DC",https://www.glassdoor.com/partner/jobListing.htm?pos=127&ao=331422&s=58&guid=000001690e3adec690b86183e7155b10&src=GD_JOB_AD&t=SR&extid=1&exst=OL&ist=&ast=OL&vt=w&slr=true&cs=1_32bee671&cb=1550721933636&jobListingId=2985184023
30,Java Software Engineer,Sila Solutions Group ," Arlington, VA",https://www.glassdoor.com/partner/jobListing.htm?pos=128&ao=354137&s=58&guid=000001690e3adec690b86183e7155b10&src=GD_JOB_AD&t=SR&extid=1&exst=OL&ist=&ast=OL&vt=w&slr=true&cs=1_f8a9556b&cb=1550721933637&jobListingId=2857916392
31,Software Engineer - Pivotal Labs,Pivotal Software ," Washington, DC",https://www.glassdoor.com/partner/jobListing.htm?pos=201&ao=457744&s=149&guid=000001690e3b00cc8e4e9748041bdfb1&src=GD_JOB_AD&t=SRFJ&extid=4&exst=OL&ist=&ast=OL&vt=w&slr=true&cs=1_3ece8d4e&cb=1550721942276&jobListingId=3047749014
32,Software Engineer Intern,Ntrepid ," Herndon, VA",https://www.glassdoor.com/partner/jobListing.htm?pos=202&ao=445071&s=149&guid=000001690e3b00cc8e4e9748041bdfb1&src=GD_JOB_AD&t=SRFJ&extid=4&exst=OL&ist=&ast=OL&vt=w&slr=true&cs=1_59e9bf1f&cb=1550721942278&jobListingId=3102170021
33,Software Engineer,FullStack Labs ," Arlington, VA",https://www.glassdoor.com/partner/jobListing.htm?pos=201&ao=14295&s=58&guid=000001690e3b00cc9c686f536d52fd82&src=GD_JOB_AD&t=SR&extid=1&exst=OL&ist=&ast=OL&vt=w&slr=true&aa=1&ea=1&cs=1_60189ff1&cb=1550721942279&jobListingId=2844285492
34,"Software Engineer, Product (Full Stack)",Facebook ," Washington, DC",https://www.glassdoor.com/partner/jobListing.htm?pos=202&ao=132920&s=58&guid=000001690e3b00cc9c686f536d52fd82&src=GD_JOB_AD&t=SR&extid=1&exst=OL&ist=&ast=OL&vt=w&slr=true&cs=1_bcbc3b74&cb=1550721942280&jobListingId=2992174046
35,Engineering Coordinator,Upside Business Travel ," Washington, DC",https://www.glassdoor.com/partner/jobListing.htm?pos=203&ao=482215&s=58&guid=000001690e3b00cc9c686f536d52fd82&src=GD_JOB_AD&t=SR&extid=1&exst=OL&ist=&ast=OL&vt=w&slr=true&cs=1_971806a5&cb=1550721942281&jobListingId=3081712572
36,Software Developer - Intern/Co-Op,Reinventing Geospatial Inc. ," Fairfax, VA",https://www.glassdoor.com/partner/jobListing.htm?pos=204&ao=415709&s=58&guid=000001690e3b00cc9c686f536d52fd82&src=GD_JOB_AD&t=SR&extid=1&exst=OL&ist=&ast=OL&vt=w&slr=true&cs=1_769a5ab3&cb=1550721942282&jobListingId=2827869806
37,Jr. Full Stack Software Engineer,The Washington Post ," Washington, DC",https://www.glassdoor.com/partner/jobListing.htm?pos=205&ao=192731&s=58&guid=000001690e3b00cc9c686f536d52fd82&src=GD_JOB_AD&t=SR&extid=1&exst=OL&ist=&ast=OL&vt=w&slr=true&cs=1_70a1062c&cb=1550721942283&jobListingId=3102499632
38,Test Automation Engineer,xScion Solutions ," Washington, DC",https://www.glassdoor.com/partner/jobListing.htm?pos=206&ao=459860&s=58&guid=000001690e3b00cc9c686f536d52fd82&src=GD_JOB_AD&t=SR&extid=1&exst=OL&ist=&ast=OL&vt=w&slr=true&aa=1&ea=1&cs=1_32c92e78&cb=1550721942284&jobListingId=3096253541
39,Software Developer,Data Works ," Reston, VA",https://www.glassdoor.com/partner/jobListing.htm?pos=207&ao=4120&s=58&guid=000001690e3b00cc9c686f536d52fd82&src=GD_JOB_AD&t=SR&extid=1&exst=OL&ist=&ast=OL&vt=w&slr=true&cs=1_430b5711&cb=1550721942285&jobListingId=2514051259
40,Software Engineer,Palantir Technologies ," Washington, DC",https://www.glassdoor.com/partner/jobListing.htm?pos=208&ao=85944&s=58&guid=000001690e3b00cc9c686f536d52fd82&src=GD_JOB_AD&t=SR&extid=1&exst=OL&ist=&ast=OL&vt=w&slr=true&cs=1_fb078beb&cb=1550721942286&jobListingId=2875942749
41,Software Engineer,Microsoft ," Reston, VA",https://www.glassdoor.com/partner/jobListing.htm?pos=209&ao=37049&s=58&guid=000001690e3b00cc9c686f536d52fd82&src=GD_JOB_AD&t=SR&extid=1&exst=OL&ist=&ast=OL&vt=w&slr=true&cs=1_0778f29f&cb=1550721942287&jobListingId=3030976240
42,Software Engineer,Johns Hopkins University Applied Physics Laboratory ," Laurel, MD",https://www.glassdoor.com/partner/jobListing.htm?pos=210&ao=358628&s=58&guid=000001690e3b00cc9c686f536d52fd82&src=GD_JOB_AD&t=SR&extid=1&exst=OL&ist=&ast=OL&vt=w&slr=true&cs=1_872c8c6b&cb=1550721942288&jobListingId=2984812297
43,Junior Level Software Engineer (JavaScript/Angular),ProObject ," Gaithersburg, MD",https://www.glassdoor.com/partner/jobListing.htm?pos=211&ao=440951&s=58&guid=000001690e3b00cc9c686f536d52fd82&src=GD_JOB_AD&t=SR&extid=1&exst=OL&ist=&ast=OL&vt=w&slr=true&cs=1_a6eccbdb&cb=1550721942288&jobListingId=3102545729
44,Software Engineer I,LGS Innovations ," Herndon, VA",https://www.glassdoor.com/partner/jobListing.htm?pos=212&ao=191920&s=58&guid=000001690e3b00cc9c686f536d52fd82&src=GD_JOB_AD&t=SR&extid=1&exst=OL&ist=&ast=OL&vt=w&slr=true&cs=1_c5f5d232&cb=1550721942290&jobListingId=2948629823
45,Software Engineer,3clogic ," Rockville, MD",https://www.glassdoor.com/partner/jobListing.htm?pos=213&ao=4120&s=58&guid=000001690e3b00cc9c686f536d52fd82&src=GD_JOB_AD&t=SR&extid=1&exst=OL&ist=&ast=OL&vt=w&slr=true&cs=1_c25cb832&cb=1550721942291&jobListingId=2922862251
46,Software Engineer,Arcadia Power ," Washington, DC",https://www.glassdoor.com/partner/jobListing.htm?pos=214&ao=14295&s=58&guid=000001690e3b00cc9c686f536d52fd82&src=GD_JOB_AD&t=SR&extid=1&exst=OL&ist=&ast=OL&vt=w&slr=true&aa=1&ea=1&cs=1_230abae2&cb=1550721942292&jobListingId=2918745257
47,Software Engineer,Fundrise ," Washington, DC",https://www.glassdoor.com/partner/jobListing.htm?pos=215&ao=4341&s=58&guid=000001690e3b00cc9c686f536d52fd82&src=GD_JOB_AD&t=SR&extid=1&exst=OL&ist=&ast=OL&vt=w&slr=true&aa=1&ea=1&cs=1_f2c76004&cb=1550721942294&jobListingId=2261922384
48,"Software Engineer (DC, SF, NYC)",Nava ," Washington, DC",https://www.glassdoor.com/partner/jobListing.htm?pos=216&ao=148364&s=58&guid=000001690e3b00cc9c686f536d52fd82&src=GD_JOB_AD&t=SR&extid=1&exst=OL&ist=&ast=OL&vt=w&slr=true&cs=1_03698764&cb=1550721942295&jobListingId=2944861896
49,Data Scientist/Software Engineer,Systems & Technology Research ," Arlington, VA",https://www.glassdoor.com/partner/jobListing.htm?pos=217&ao=424097&s=58&guid=000001690e3b00cc9c686f536d52fd82&src=GD_JOB_AD&t=SR&extid=1&exst=OL&ist=&ast=OL&vt=w&slr=true&cs=1_1ef68457&cb=1550721942296&jobListingId=2981923018
50,Front-End Software Engineer,Next Century ," Reston, VA",https://www.glassdoor.com/partner/jobListing.htm?pos=218&ao=396417&s=58&guid=000001690e3b00cc9c686f536d52fd82&src=GD_JOB_AD&t=SR&extid=1&exst=OL&ist=&ast=OL&vt=w&slr=true&cs=1_e0f8991c&cb=1550721942297&jobListingId=3094774776
51,Senior Software Engineer (Back End),Endgame ," Arlington, VA",https://www.glassdoor.com/partner/jobListing.htm?pos=219&ao=414386&s=58&guid=000001690e3b00cc9c686f536d52fd82&src=GD_JOB_AD&t=SR&extid=1&exst=OL&ist=&ast=OL&vt=w&slr=true&cs=1_c7548bec&cb=1550721942299&jobListingId=2864935992
52,Customer Data Scientist/Sales Engineer,h2o.ai ," Washington, DC",https://www.glassdoor.com/partner/jobListing.htm?pos=220&ao=448042&s=58&guid=000001690e3b00cc9c686f536d52fd82&src=GD_JOB_AD&t=SR&extid=1&exst=OL&ist=&ast=OL&vt=w&slr=true&aa=1&ea=1&cs=1_411cbb20&cb=1550721942300&jobListingId=3049662362
53,Software Engineer,Verato ," McLean, VA",https://www.glassdoor.com/partner/jobListing.htm?pos=221&ao=4120&s=58&guid=000001690e3b00cc9c686f536d52fd82&src=GD_JOB_AD&t=SR&extid=1&exst=OL&ist=&ast=OL&vt=w&slr=true&cs=1_4002b3f7&cb=1550721942301&jobListingId=2975403438
54,Software Tester/Programmer (Entry Level),"Riverside Technology, inc. "," Silver Spring, MD",https://www.glassdoor.com/partner/jobListing.htm?pos=222&ao=14295&s=58&guid=000001690e3b00cc9c686f536d52fd82&src=GD_JOB_AD&t=SR&extid=1&exst=OL&ist=&ast=OL&vt=w&slr=true&aa=1&ea=1&cs=1_679013d2&cb=1550721942302&jobListingId=3095121558
55,Software Engineer,Blue Raster ," Arlington, VA",https://www.glassdoor.com/partner/jobListing.htm?pos=223&ao=14295&s=58&guid=000001690e3b00cc9c686f536d52fd82&src=GD_JOB_AD&t=SR&extid=1&exst=OL&ist=&ast=OL&vt=w&slr=true&aa=1&ea=1&cs=1_b949bb3e&cb=1550721942304&jobListingId=3075474849
56,Associate Software Engineer,FREEDOM CONSULTING GROUP ," Annapolis Junction, MD",https://www.glassdoor.com/partner/jobListing.htm?pos=224&ao=434560&s=58&guid=000001690e3b00cc9c686f536d52fd82&src=GD_JOB_AD&t=SR&extid=1&exst=OL&ist=&ast=OL&vt=w&slr=true&cs=1_e4e536d5&cb=1550721942305&jobListingId=3098806589
57,"Software Developer, Full Stack","MindPoint Group, LLC "," Washington, DC",https://www.glassdoor.com/partner/jobListing.htm?pos=225&ao=448018&s=58&guid=000001690e3b00cc9c686f536d52fd82&src=GD_JOB_AD&t=SR&extid=1&exst=OL&ist=&ast=OL&vt=w&slr=true&cs=1_3f7fc40d&cb=1550721942306&jobListingId=3118503698
58,Software Developer,Integrity Applications ," Chantilly, VA",https://www.glassdoor.com/partner/jobListing.htm?pos=226&ao=315865&s=58&guid=000001690e3b00cc9c686f536d52fd82&src=GD_JOB_AD&t=SR&extid=1&exst=OL&ist=&ast=OL&vt=w&slr=true&cs=1_39dac4d7&cb=1550721942307&jobListingId=3067201019
59,Summer 2019 Intern - Software Engineer,Salesforce ," Washington, DC",https://www.glassdoor.com/partner/jobListing.htm?pos=227&ao=133319&s=58&guid=000001690e3b00cc9c686f536d52fd82&src=GD_JOB_AD&t=SR&extid=1&exst=OL&ist=&ast=OL&vt=w&slr=true&cs=1_6860fa2d&cb=1550721942308&jobListingId=2928374325
60,Network Engineer,KeyW ," Herndon, VA",https://www.glassdoor.com/partner/jobListing.htm?pos=228&ao=248315&s=58&guid=000001690e3b00cc9c686f536d52fd82&src=GD_JOB_AD&t=SR&extid=1&exst=OL&ist=&ast=OL&vt=w&slr=true&cs=1_c885d913&cb=1550721942309&jobListingId=3118930268
61,Software Engineer,Concurrent Technologies ," Annapolis Junction, MD",https://www.glassdoor.com/partner/jobListing.htm?pos=229&ao=85058&s=58&guid=000001690e3b00cc9c686f536d52fd82&src=GD_JOB_AD&t=SR&extid=1&exst=OL&ist=&ast=OL&vt=w&slr=true&cs=1_3f032868&cb=1550721942310&jobListingId=3123409354
62,Senior Software Engineer (Pivotal Labs),Pivotal Software ," Washington, DC",https://www.glassdoor.com/partner/jobListing.htm?pos=230&ao=457744&s=58&guid=000001690e3b00cc9c686f536d52fd82&src=GD_JOB_AD&t=SR&extid=1&exst=OL&ist=&ast=OL&vt=w&slr=true&cs=1_ac56f47c&cb=1550721942312&jobListingId=3019415387
63,Junior Software Engineer,Next Century ," Annapolis Junction, MD",https://www.glassdoor.com/partner/jobListing.htm?pos=301&ao=396416&s=149&guid=000001690e3b2c35a8459053ead0bbf4&src=GD_JOB_AD&t=SRFJ&extid=4&exst=OL&ist=&ast=OL&vt=w&slr=true&cs=1_a2abb471&cb=1550721953351&jobListingId=3114499525
64,Software Engineer,Asymmetrik ," Annapolis Junction, MD",https://www.glassdoor.com/partner/jobListing.htm?pos=302&ao=357471&s=149&guid=000001690e3b2c35a8459053ead0bbf4&src=GD_JOB_AD&t=SRFJ&extid=4&exst=OL&ist=&ast=OL&vt=w&slr=true&cs=1_60122424&cb=1550721953353&jobListingId=2565478177
65,Systems Engineer,KeyW ," Fort Meade, MD",https://www.glassdoor.com/partner/jobListing.htm?pos=301&ao=248315&s=58&guid=000001690e3b2c359e527a07d6e6e565&src=GD_JOB_AD&t=SR&extid=1&exst=OL&ist=&ast=OL&vt=w&slr=true&cs=1_8c6c38a8&cb=1550721953354&jobListingId=3099591040
66,Lead Software Development Engineer,Agility Technologies ," Reston, VA",https://www.glassdoor.com/partner/jobListing.htm?pos=302&ao=415910&s=58&guid=000001690e3b2c359e527a07d6e6e565&src=GD_JOB_AD&t=SR&extid=1&exst=OL&ist=&ast=OL&vt=w&slr=true&aa=1&ea=1&cs=1_9a9f7d94&cb=1550721953355&jobListingId=2971470010
67,Network Engineer,NetCentrics ," Washington, DC",https://www.glassdoor.com/partner/jobListing.htm?pos=303&ao=430996&s=58&guid=000001690e3b2c359e527a07d6e6e565&src=GD_JOB_AD&t=SR&extid=1&exst=OL&ist=&ast=OL&vt=w&slr=true&cs=1_9823cf94&cb=1550721953356&jobListingId=3086711204
68,Software Engineer,"Noregon Systems, Inc "," Washington, DC",https://www.glassdoor.com/partner/jobListing.htm?pos=304&ao=389273&s=58&guid=000001690e3b2c359e527a07d6e6e565&src=GD_JOB_AD&t=SR&extid=1&exst=OL&ist=&ast=OL&vt=w&slr=true&cs=1_fb1598a4&cb=1550721953357&jobListingId=3119103816
69,Software Engineer,"Latitude, Inc. "," Washington, DC",https://www.glassdoor.com/partner/jobListing.htm?pos=305&ao=4341&s=58&guid=000001690e3b2c359e527a07d6e6e565&src=GD_JOB_AD&t=SR&extid=1&exst=OL&ist=&ast=OL&vt=w&slr=true&aa=1&ea=1&cs=1_774f2586&cb=1550721953358&jobListingId=2692416355
70,Software Engineer,Toyon Research Corporation ," Sterling, VA",https://www.glassdoor.com/partner/jobListing.htm?pos=306&ao=85058&s=58&guid=000001690e3b2c359e527a07d6e6e565&src=GD_JOB_AD&t=SR&extid=1&exst=OL&ist=&ast=OL&vt=w&slr=true&cs=1_cfb1a482&cb=1550721953359&jobListingId=3105118258
71,Aerospace/Software Engineering Intern,a i solutions ," Lanham, MD",https://www.glassdoor.com/partner/jobListing.htm?pos=307&ao=4121&s=58&guid=000001690e3b2c359e527a07d6e6e565&src=GD_JOB_AD&t=SR&extid=1&exst=OL&ist=&ast=OL&vt=w&slr=true&cs=1_a7d88016&cb=1550721953360&jobListingId=3055622596
72,Full-Stack Software Engineer,Next Century ," Reston, VA",https://www.glassdoor.com/partner/jobListing.htm?pos=308&ao=396417&s=58&guid=000001690e3b2c359e527a07d6e6e565&src=GD_JOB_AD&t=SR&extid=1&exst=OL&ist=&ast=OL&vt=w&slr=true&cs=1_10c969b9&cb=1550721953361&jobListingId=3081611429
73,Senior Software Engineer,Applied Predictive Technologies ," Washington, DC",https://www.glassdoor.com/partner/jobListing.htm?pos=309&ao=367431&s=58&guid=000001690e3b2c359e527a07d6e6e565&src=GD_JOB_AD&t=SR&extid=1&exst=OL&ist=&ast=OL&vt=w&slr=true&cs=1_16d6e3cd&cb=1550721953362&jobListingId=3049419560
74,Senior Quality Engineer,Optoro ," Washington, DC",https://www.glassdoor.com/partner/jobListing.htm?pos=310&ao=331288&s=58&guid=000001690e3b2c359e527a07d6e6e565&src=GD_JOB_AD&t=SR&extid=1&exst=OL&ist=&ast=OL&vt=w&slr=true&cs=1_eef3fa9d&cb=1550721953363&jobListingId=2490541651
75,Software Engineer,DivvyCloud ," Arlington, VA",https://www.glassdoor.com/partner/jobListing.htm?pos=311&ao=8095&s=58&guid=000001690e3b2c359e527a07d6e6e565&src=GD_JOB_AD&t=SR&extid=1&exst=OL&ist=&ast=OL&vt=w&slr=true&aa=1&ea=1&cs=1_7b2e62b4&cb=1550721953364&jobListingId=2673355369
76,Software Engineer I,Brooksource ," Washington, DC",https://www.glassdoor.com/partner/jobListing.htm?pos=312&ao=25073&s=58&guid=000001690e3b2c359e527a07d6e6e565&src=GD_JOB_AD&t=SR&extid=1&exst=OL&ist=&ast=OL&vt=w&slr=true&aa=1&ea=1&cs=1_9855646b&cb=1550721953365&jobListingId=3125030363
77,Junior Software Engineer - TS/SCI Required,Synergist Computing ," Annapolis Junction, MD",https://www.glassdoor.com/partner/jobListing.htm?pos=313&ao=349792&s=58&guid=000001690e3b2c359e527a07d6e6e565&src=GD_JOB_AD&t=SR&extid=1&exst=OL&ist=&ast=OL&vt=w&slr=true&aa=1&ea=1&cs=1_ae004c1f&cb=1550721953366&jobListingId=2776508780
78,Senior Software Engineer,Optoro ," Washington, DC",https://www.glassdoor.com/partner/jobListing.htm?pos=314&ao=331289&s=58&guid=000001690e3b2c359e527a07d6e6e565&src=GD_JOB_AD&t=SR&extid=1&exst=OL&ist=&ast=OL&vt=w&slr=true&cs=1_d8aa2a9a&cb=1550721953367&jobListingId=1831963754
79,Systems Engineer,Sila Solutions Group ," Arlington, VA",https://www.glassdoor.com/partner/jobListing.htm?pos=315&ao=354136&s=58&guid=000001690e3b2c359e527a07d6e6e565&src=GD_JOB_AD&t=SR&extid=1&exst=OL&ist=&ast=OL&vt=w&slr=true&cs=1_65e8ee57&cb=1550721953369&jobListingId=3063439052
80,Principal Software Engineer,KeyW ," Washington, DC",https://www.glassdoor.com/partner/jobListing.htm?pos=316&ao=248315&s=58&guid=000001690e3b2c359e527a07d6e6e565&src=GD_JOB_AD&t=SR&extid=1&exst=OL&ist=&ast=OL&vt=w&slr=true&cs=1_6350eaca&cb=1550721953370&jobListingId=3120224011
81,Sr. Full Stack Software Engineer,The Washington Post ," Washington, DC",https://www.glassdoor.com/partner/jobListing.htm?pos=317&ao=192731&s=58&guid=000001690e3b2c359e527a07d6e6e565&src=GD_JOB_AD&t=SR&extid=1&exst=OL&ist=&ast=OL&vt=w&slr=true&cs=1_23340471&cb=1550721953371&jobListingId=3118126705
82,Software Engineer,Terradin ," Alexandria, VA",https://www.glassdoor.com/partner/jobListing.htm?pos=318&ao=85058&s=58&guid=000001690e3b2c359e527a07d6e6e565&src=GD_JOB_AD&t=SR&extid=1&exst=OL&ist=&ast=OL&vt=w&slr=true&cs=1_70509b4f&cb=1550721953372&jobListingId=3115166221
83,Software Engineer,Patrona Corp. ," Washington, DC",https://www.glassdoor.com/partner/jobListing.htm?pos=319&ao=66506&s=58&guid=000001690e3b2c359e527a07d6e6e565&src=GD_JOB_AD&t=SR&extid=1&exst=OL&ist=&ast=OL&vt=w&slr=true&aa=1&ea=1&cs=1_eb00b7df&cb=1550721953374&jobListingId=3024309979
84,Software Engineer,TCG ," Washington, DC",https://www.glassdoor.com/partner/jobListing.htm?pos=320&ao=293712&s=58&guid=000001690e3b2c359e527a07d6e6e565&src=GD_JOB_AD&t=SR&extid=1&exst=OL&ist=&ast=OL&vt=w&slr=true&aa=1&ea=1&cs=1_12192db5&cb=1550721953376&jobListingId=3100985432
85,DevOps Engineer,GetUpside ," Washington, DC",https://www.glassdoor.com/partner/jobListing.htm?pos=321&ao=480288&s=58&guid=000001690e3b2c359e527a07d6e6e565&src=GD_JOB_AD&t=SR&extid=1&exst=OL&ist=&ast=OL&vt=w&slr=true&aa=1&ea=1&cs=1_a55963d7&cb=1550721953377&jobListingId=3108331321
86,Senior Software Engineer,KeyW ," Washington, DC",https://www.glassdoor.com/partner/jobListing.htm?pos=322&ao=248315&s=58&guid=000001690e3b2c359e527a07d6e6e565&src=GD_JOB_AD&t=SR&extid=1&exst=OL&ist=&ast=OL&vt=w&slr=true&cs=1_2ad98243&cb=1550721953379&jobListingId=2910583147
87,Software Engineer,NGP VAN ," Washington, DC",https://www.glassdoor.com/partner/jobListing.htm?pos=323&ao=4341&s=58&guid=000001690e3b2c359e527a07d6e6e565&src=GD_JOB_AD&t=SR&extid=1&exst=OL&ist=&ast=OL&vt=w&slr=true&aa=1&ea=1&cs=1_f190a658&cb=1550721953381&jobListingId=2551230098
88,Entry Level UI Engineer,Decisive Analytics ," Arlington, VA",https://www.glassdoor.com/partner/jobListing.htm?pos=324&ao=458590&s=58&guid=000001690e3b2c359e527a07d6e6e565&src=GD_JOB_AD&t=SR&extid=1&exst=OL&ist=&ast=OL&vt=w&slr=true&cs=1_fcb35249&cb=1550721953383&jobListingId=3061363926
89,Software Engineer,Cybrary ," Washington, DC",https://www.glassdoor.com/partner/jobListing.htm?pos=325&ao=148364&s=58&guid=000001690e3b2c359e527a07d6e6e565&src=GD_JOB_AD&t=SR&extid=1&exst=OL&ist=&ast=OL&vt=w&slr=true&cs=1_8d233d18&cb=1550721953385&jobListingId=2960199231
90,.NET Developer,Episerver ," Washington, DC",https://www.glassdoor.com/partner/jobListing.htm?pos=326&ao=457934&s=58&guid=000001690e3b2c359e527a07d6e6e565&src=GD_JOB_AD&t=SR&extid=1&exst=OL&ist=&ast=OL&vt=w&slr=true&cs=1_4d310e0f&cb=1550721953387&jobListingId=3122704369
91,Principal Systems Engineer,Varen Technologies ," Annapolis Junction, MD",https://www.glassdoor.com/partner/jobListing.htm?pos=327&ao=358464&s=58&guid=000001690e3b2c359e527a07d6e6e565&src=GD_JOB_AD&t=SR&extid=1&exst=OL&ist=&ast=OL&vt=w&slr=true&cs=1_05c7d777&cb=1550721953388&jobListingId=3111817111
92,Jr. Software Engineer,"Latitude, Inc. "," Washington, DC",https://www.glassdoor.com/partner/jobListing.htm?pos=328&ao=4341&s=58&guid=000001690e3b2c359e527a07d6e6e565&src=GD_JOB_AD&t=SR&extid=1&exst=OL&ist=&ast=OL&vt=w&slr=true&aa=1&ea=1&cs=1_61b14f62&cb=1550721953391&jobListingId=2738304243
93,Software Engineer,Ken Systems ," Herndon, VA",https://www.glassdoor.com/partner/jobListing.htm?pos=329&ao=4120&s=58&guid=000001690e3b2c359e527a07d6e6e565&src=GD_JOB_AD&t=SR&extid=1&exst=OL&ist=&ast=OL&vt=w&slr=true&cs=1_90535e81&cb=1550721953392&jobListingId=2642981047
94,Junior Software Engineer,TechFlow ," Washington, DC",https://www.glassdoor.com/partner/jobListing.htm?pos=330&ao=4341&s=58&guid=000001690e3b2c359e527a07d6e6e565&src=GD_JOB_AD&t=SR&extid=1&exst=OL&ist=&ast=OL&vt=w&slr=true&aa=1&ea=1&cs=1_84618bde&cb=1550721953395&jobListingId=3060270868
95,Software Engineer,Ntrepid ," Herndon, VA",https://www.glassdoor.com/partner/jobListing.htm?pos=401&ao=445071&s=149&guid=000001690e3b4c1fbfad92081c2141d5&src=GD_JOB_AD&t=SRFJ&extid=4&exst=OL&ist=&ast=OL&vt=w&slr=true&cs=1_5abf2895&cb=1550721961587&jobListingId=3102170020
96,Associate Software Engineer,FREEDOM CONSULTING GROUP ," Annapolis Junction, MD",https://www.glassdoor.com/partner/jobListing.htm?pos=402&ao=434560&s=149&guid=000001690e3b4c1fbfad92081c2141d5&src=GD_JOB_AD&t=SRFJ&extid=4&exst=OL&ist=&ast=OL&vt=w&slr=true&cs=1_9d1178ef&cb=1550721961588&jobListingId=3098806589
97,Backend Software Engineer,Quorum ," Washington, DC",https://www.glassdoor.com/partner/jobListing.htm?pos=401&ao=8095&s=58&guid=000001690e3b4c1f84e1bcfdaf2f330e&src=GD_JOB_AD&t=SR&extid=1&exst=OL&ist=&ast=OL&vt=w&slr=true&aa=1&ea=1&cs=1_b79802a0&cb=1550721961589&jobListingId=3085027497
98,Software Engineer,InfoTeK ," Columbia, MD",https://www.glassdoor.com/partner/jobListing.htm?pos=402&ao=37049&s=58&guid=000001690e3b4c1f84e1bcfdaf2f330e&src=GD_JOB_AD&t=SR&extid=1&exst=OL&ist=&ast=OL&vt=w&slr=true&cs=1_778de5df&cb=1550721961591&jobListingId=2523240324
99,Software Engineer,Two Six Labs ," Arlington, VA",https://www.glassdoor.com/partner/jobListing.htm?pos=403&ao=212128&s=58&guid=000001690e3b4c1f84e1bcfdaf2f330e&src=GD_JOB_AD&t=SR&extid=1&exst=OL&ist=&ast=OL&vt=w&slr=true&cs=1_356d3d9b&cb=1550721961592&jobListingId=3098709216
100,Software Engineer,Piper Enterprise Solutions ," McLean, VA",https://www.glassdoor.com/partner/jobListing.htm?pos=404&ao=4120&s=58&guid=000001690e3b4c1f84e1bcfdaf2f330e&src=GD_JOB_AD&t=SR&extid=1&exst=OL&ist=&ast=OL&vt=w&slr=true&cs=1_6b6370ea&cb=1550721961593&jobListingId=3093256809
101,Software Engineer - Java,Integrity Applications ," Reston, VA",https://www.glassdoor.com/partner/jobListing.htm?pos=405&ao=315863&s=58&guid=000001690e3b4c1f84e1bcfdaf2f330e&src=GD_JOB_AD&t=SR&extid=1&exst=OL&ist=&ast=OL&vt=w&slr=true&cs=1_48d4e2df&cb=1550721961594&jobListingId=3108283798
102,Software Engineer,OneGlobe LLC ," Washington, DC",https://www.glassdoor.com/partner/jobListing.htm?pos=406&ao=83255&s=58&guid=000001690e3b4c1f84e1bcfdaf2f330e&src=GD_JOB_AD&t=SR&extid=1&exst=OL&ist=&ast=OL&vt=w&slr=true&cs=1_83e3f3d7&cb=1550721961595&jobListingId=3109119971
103,Software Engineer,a i solutions ," Lanham, MD",https://www.glassdoor.com/partner/jobListing.htm?pos=407&ao=4121&s=58&guid=000001690e3b4c1f84e1bcfdaf2f330e&src=GD_JOB_AD&t=SR&extid=1&exst=OL&ist=&ast=OL&vt=w&slr=true&cs=1_c3c3619d&cb=1550721961596&jobListingId=3036326721
104,Software Engineer,IOMAXIS ," Arlington, VA",https://www.glassdoor.com/partner/jobListing.htm?pos=408&ao=352789&s=58&guid=000001690e3b4c1f84e1bcfdaf2f330e&src=GD_JOB_AD&t=SR&extid=1&exst=OL&ist=&ast=OL&vt=w&slr=true&cs=1_7396f892&cb=1550721961597&jobListingId=3125047210
105,"Systems Engineer, Senior - FAA",Cobec Consulting ," Washington, DC",https://www.glassdoor.com/partner/jobListing.htm?pos=409&ao=476196&s=58&guid=000001690e3b4c1f84e1bcfdaf2f330e&src=GD_JOB_AD&t=SR&extid=1&exst=OL&ist=&ast=OL&vt=w&slr=true&aa=1&ea=1&cs=1_72be4a75&cb=1550721961598&jobListingId=3058859956
106,Software Engineer,Red Arch Solutions ," Washington, DC",https://www.glassdoor.com/partner/jobListing.htm?pos=410&ao=4008&s=58&guid=000001690e3b4c1f84e1bcfdaf2f330e&src=GD_JOB_AD&t=SR&extid=1&exst=OL&ist=&ast=OL&vt=w&slr=true&cs=1_68bfd671&cb=1550721961598&jobListingId=2905484624
107,Software Engineer,Catalist ," Washington, DC",https://www.glassdoor.com/partner/jobListing.htm?pos=411&ao=389273&s=58&guid=000001690e3b4c1f84e1bcfdaf2f330e&src=GD_JOB_AD&t=SR&extid=1&exst=OL&ist=&ast=OL&vt=w&slr=true&cs=1_0386bd17&cb=1550721961600&jobListingId=3036668509
108,Software Engineer,Altamira Technologies ," McLean, VA",https://www.glassdoor.com/partner/jobListing.htm?pos=412&ao=136224&s=58&guid=000001690e3b4c1f84e1bcfdaf2f330e&src=GD_JOB_AD&t=SR&extid=1&exst=OL&ist=&ast=OL&vt=w&slr=true&cs=1_8c1dc820&cb=1550721961601&jobListingId=3014990321
109,Software Engineer,Hays ," Arlington, VA",https://www.glassdoor.com/partner/jobListing.htm?pos=413&ao=372858&s=58&guid=000001690e3b4c1f84e1bcfdaf2f330e&src=GD_JOB_AD&t=SR&extid=1&exst=OL&ist=&ast=OL&vt=w&slr=true&cs=1_6dfa0b9e&cb=1550721961602&jobListingId=3121336677
110,Software Engineer,G2 Global Solutions ," West McLean, VA",https://www.glassdoor.com/partner/jobListing.htm?pos=414&ao=4348&s=58&guid=000001690e3b4c1f84e1bcfdaf2f330e&src=GD_JOB_AD&t=SR&extid=1&exst=OL&ist=&ast=OL&vt=w&slr=true&aa=1&ea=1&cs=1_b539e4ed&cb=1550721961603&jobListingId=3100157833
111,Ground System Engineer,Integrity Applications ," Silver Spring, MD",https://www.glassdoor.com/partner/jobListing.htm?pos=415&ao=315863&s=58&guid=000001690e3b4c1f84e1bcfdaf2f330e&src=GD_JOB_AD&t=SR&extid=1&exst=OL&ist=&ast=OL&vt=w&slr=true&cs=1_a25f582f&cb=1550721961605&jobListingId=3123144283
112,Principal Consultant - Front-End Software Engineer,TeraThink ," Washington, DC",https://www.glassdoor.com/partner/jobListing.htm?pos=416&ao=325620&s=58&guid=000001690e3b4c1f84e1bcfdaf2f330e&src=GD_JOB_AD&t=SR&extid=1&exst=OL&ist=&ast=OL&vt=w&slr=true&cs=1_e7fcab6c&cb=1550721961606&jobListingId=2925369967
113,Software Engineer III,ClearEdge IT Solutions ," Annapolis Junction, MD",https://www.glassdoor.com/partner/jobListing.htm?pos=417&ao=355921&s=58&guid=000001690e3b4c1f84e1bcfdaf2f330e&src=GD_JOB_AD&t=SR&extid=1&exst=OL&ist=&ast=OL&vt=w&slr=true&cs=1_c253a788&cb=1550721961608&jobListingId=3089465438
114,Software Developer,Concourse Federal Group ," Washington, DC",https://www.glassdoor.com/partner/jobListing.htm?pos=418&ao=4120&s=58&guid=000001690e3b4c1f84e1bcfdaf2f330e&src=GD_JOB_AD&t=SR&extid=1&exst=OL&ist=&ast=OL&vt=w&slr=true&aa=1&ea=1&cs=1_c78abbd6&cb=1550721961609&jobListingId=2528780491
115,Software Engineer,Venga ," Washington, DC",https://www.glassdoor.com/partner/jobListing.htm?pos=419&ao=85058&s=58&guid=000001690e3b4c1f84e1bcfdaf2f330e&src=GD_JOB_AD&t=SR&extid=1&exst=OL&ist=&ast=OL&vt=w&slr=true&cs=1_a49eb002&cb=1550721961610&jobListingId=3104934584
116,"Principal Solution Engineer, MuleSoft Federal",MuleSoft ," Washington, DC",https://www.glassdoor.com/partner/jobListing.htm?pos=420&ao=335353&s=58&guid=000001690e3b4c1f84e1bcfdaf2f330e&src=GD_JOB_AD&t=SR&extid=1&exst=OL&ist=&ast=OL&vt=w&slr=true&cs=1_b07c536b&cb=1550721961611&jobListingId=3008431838
117,System Engineer III,Varen Technologies ," Annapolis Junction, MD",https://www.glassdoor.com/partner/jobListing.htm?pos=421&ao=358464&s=58&guid=000001690e3b4c1f84e1bcfdaf2f330e&src=GD_JOB_AD&t=SR&extid=1&exst=OL&ist=&ast=OL&vt=w&slr=true&cs=1_881d3cfc&cb=1550721961613&jobListingId=3111817150
118,Software Engineer,Research Innovations ," Alexandria, VA",https://www.glassdoor.com/partner/jobListing.htm?pos=422&ao=85944&s=58&guid=000001690e3b4c1f84e1bcfdaf2f330e&src=GD_JOB_AD&t=SR&extid=1&exst=OL&ist=&ast=OL&vt=w&slr=true&cs=1_e122d53f&cb=1550721961614&jobListingId=3030936788
119,Software Engineer,John H. Northrop & Associates ," Alexandria, VA",https://www.glassdoor.com/partner/jobListing.htm?pos=423&ao=4008&s=58&guid=000001690e3b4c1f84e1bcfdaf2f330e&src=GD_JOB_AD&t=SR&extid=1&exst=OL&ist=&ast=OL&vt=w&slr=true&cs=1_0a878ffb&cb=1550721961615&jobListingId=3122825971
120,Scientific Software Engineer,Systems & Technology Research ," Arlington, VA",https://www.glassdoor.com/partner/jobListing.htm?pos=424&ao=424097&s=58&guid=000001690e3b4c1f84e1bcfdaf2f330e&src=GD_JOB_AD&t=SR&extid=1&exst=OL&ist=&ast=OL&vt=w&slr=true&cs=1_878c2b45&cb=1550721961617&jobListingId=2981922948
121,Software Engineer,Radiant Solutions ," Arlington, VA",https://www.glassdoor.com/partner/jobListing.htm?pos=425&ao=347752&s=58&guid=000001690e3b4c1f84e1bcfdaf2f330e&src=GD_JOB_AD&t=SR&extid=1&exst=OL&ist=&ast=OL&vt=w&slr=true&cs=1_b1e87e0e&cb=1550721961617&jobListingId=3066646855
122,Jr/Mid Level Visualization Software Engineer,ClearEdge IT Solutions ," Annapolis Junction, MD",https://www.glassdoor.com/partner/jobListing.htm?pos=426&ao=355921&s=58&guid=000001690e3b4c1f84e1bcfdaf2f330e&src=GD_JOB_AD&t=SR&extid=1&exst=OL&ist=&ast=OL&vt=w&slr=true&cs=1_4feda453&cb=1550721961619&jobListingId=2684221710
123,Team Lead Java Software Engineer Developer,"Artemis Consulting, Inc. "," Reston, VA",https://www.glassdoor.com/partner/jobListing.htm?pos=427&ao=270788&s=58&guid=000001690e3b4c1f84e1bcfdaf2f330e&src=GD_JOB_AD&t=SR&extid=1&exst=OL&ist=&ast=OL&vt=w&slr=true&cs=1_fbf3550d&cb=1550721961620&jobListingId=3116754227
124,Senior Software Engineer,NPR ," Washington, DC",https://www.glassdoor.com/partner/jobListing.htm?pos=428&ao=352789&s=58&guid=000001690e3b4c1f84e1bcfdaf2f330e&src=GD_JOB_AD&t=SR&extid=1&exst=OL&ist=&ast=OL&vt=w&slr=true&cs=1_b37b589c&cb=1550721961621&jobListingId=3124609658
125,Software Engineer,Emergent Space Technologies ," Laurel, MD",https://www.glassdoor.com/partner/jobListing.htm?pos=429&ao=160631&s=58&guid=000001690e3b4c1f84e1bcfdaf2f330e&src=GD_JOB_AD&t=SR&extid=1&exst=OL&ist=&ast=OL&vt=w&slr=true&aa=1&ea=1&cs=1_fa6c078a&cb=1550721961623&jobListingId=3098955411
126,Software Engineer,Entegra Systems ," Annapolis Junction, MD",https://www.glassdoor.com/partner/jobListing.htm?pos=430&ao=52448&s=58&guid=000001690e3b4c1f84e1bcfdaf2f330e&src=GD_JOB_AD&t=SR&extid=1&exst=OL&ist=&ast=OL&vt=w&slr=true&cs=1_00be75c1&cb=1550721961624&jobListingId=2877735654
127,Junior Software Engineer,Optoro ," Washington, DC",https://www.glassdoor.com/partner/jobListing.htm?pos=501&ao=331289&s=149&guid=000001690e3b6acb86374f9bb9d54c9e&src=GD_JOB_AD&t=SRFJ&extid=4&exst=OL&ist=&ast=OL&vt=w&slr=true&cs=1_ffce423d&cb=1550721969394&jobListingId=2949103427
128,Software Engineer,Integrity Applications ," Chantilly, VA",https://www.glassdoor.com/partner/jobListing.htm?pos=502&ao=315863&s=149&guid=000001690e3b6acb86374f9bb9d54c9e&src=GD_JOB_AD&t=SRFJ&extid=4&exst=OL&ist=&ast=OL&vt=w&slr=true&cs=1_db431ea0&cb=1550721969396&jobListingId=3065506837
129,Mid-level Systems Engineer,Varen Technologies ," Annapolis Junction, MD",https://www.glassdoor.com/partner/jobListing.htm?pos=501&ao=358464&s=58&guid=000001690e3b6acb9352fd8a2b10f8f7&src=GD_JOB_AD&t=SR&extid=1&exst=OL&ist=&ast=OL&vt=w&slr=true&cs=1_0618f1b2&cb=1550721969397&jobListingId=3111817078
130,Senior Systems Engineer,KeyW ," Springfield, VA",https://www.glassdoor.com/partner/jobListing.htm?pos=502&ao=248315&s=58&guid=000001690e3b6acb9352fd8a2b10f8f7&src=GD_JOB_AD&t=SR&extid=1&exst=OL&ist=&ast=OL&vt=w&slr=true&cs=1_d1339620&cb=1550721969398&jobListingId=3081970579
131,Software Engineer,KMM Technologies ," Herndon, VA",https://www.glassdoor.com/partner/jobListing.htm?pos=503&ao=212128&s=58&guid=000001690e3b6acb9352fd8a2b10f8f7&src=GD_JOB_AD&t=SR&extid=1&exst=OL&ist=&ast=OL&vt=w&slr=true&cs=1_3a9a303f&cb=1550721969399&jobListingId=3124423726
132,System Engineer,Integrity Applications ," Chantilly, VA",https://www.glassdoor.com/partner/jobListing.htm?pos=504&ao=315863&s=58&guid=000001690e3b6acb9352fd8a2b10f8f7&src=GD_JOB_AD&t=SR&extid=1&exst=OL&ist=&ast=OL&vt=w&slr=true&cs=1_7396106b&cb=1550721969400&jobListingId=3094140667
133,Software Engineer,BTI360 ," Reston, VA",https://www.glassdoor.com/partner/jobListing.htm?pos=505&ao=8095&s=58&guid=000001690e3b6acb9352fd8a2b10f8f7&src=GD_JOB_AD&t=SR&extid=1&exst=OL&ist=&ast=OL&vt=w&slr=true&aa=1&ea=1&cs=1_c45a220f&cb=1550721969400&jobListingId=2415961988
134,Software Engineer,REDLattice Inc ," Chantilly, VA",https://www.glassdoor.com/partner/jobListing.htm?pos=506&ao=4341&s=58&guid=000001690e3b6acb9352fd8a2b10f8f7&src=GD_JOB_AD&t=SR&extid=1&exst=OL&ist=&ast=OL&vt=w&slr=true&aa=1&ea=1&cs=1_cc4b6890&cb=1550721969402&jobListingId=2865988102
135,Software Engineer,Mantaro ," Germantown, MD",https://www.glassdoor.com/partner/jobListing.htm?pos=507&ao=389273&s=58&guid=000001690e3b6acb9352fd8a2b10f8f7&src=GD_JOB_AD&t=SR&extid=1&exst=OL&ist=&ast=OL&vt=w&slr=true&cs=1_6cd24414&cb=1550721969403&jobListingId=3122572918
136,Geospatial Software Engineer,Reinventing Geospatial Inc. ," Fairfax, VA",https://www.glassdoor.com/partner/jobListing.htm?pos=508&ao=415709&s=58&guid=000001690e3b6acb9352fd8a2b10f8f7&src=GD_JOB_AD&t=SR&extid=1&exst=OL&ist=&ast=OL&vt=w&slr=true&cs=1_3e8457b8&cb=1550721969404&jobListingId=3012604920
137,Software Engineering/Research Intern,Galois ," Arlington, VA",https://www.glassdoor.com/partner/jobListing.htm?pos=509&ao=4120&s=58&guid=000001690e3b6acb9352fd8a2b10f8f7&src=GD_JOB_AD&t=SR&extid=1&exst=OL&ist=&ast=OL&vt=w&slr=true&cs=1_ae355316&cb=1550721969405&jobListingId=2721326084
138,Software Engineer,Applied Defense Solutions ," Chantilly, VA",https://www.glassdoor.com/partner/jobListing.htm?pos=510&ao=4120&s=58&guid=000001690e3b6acb9352fd8a2b10f8f7&src=GD_JOB_AD&t=SR&extid=1&exst=OL&ist=&ast=OL&vt=w&slr=true&cs=1_5c5ce46d&cb=1550721969406&jobListingId=3094687253
139,User Experience Engineer,Next Century ," Reston, VA",https://www.glassdoor.com/partner/jobListing.htm?pos=511&ao=402693&s=58&guid=000001690e3b6acb9352fd8a2b10f8f7&src=GD_JOB_AD&t=SR&extid=1&exst=OL&ist=&ast=OL&vt=w&slr=true&cs=1_bf102efe&cb=1550721969407&jobListingId=3094777099
140,Software Engineer,Patel Consultants ," Washington, DC",https://www.glassdoor.com/partner/jobListing.htm?pos=512&ao=4120&s=58&guid=000001690e3b6acb9352fd8a2b10f8f7&src=GD_JOB_AD&t=SR&extid=1&exst=OL&ist=&ast=OL&vt=w&slr=true&cs=1_2002854f&cb=1550721969408&jobListingId=2730349366
141,Identity & Access Management Software Engineer,Sila Solutions Group ," Arlington, VA",https://www.glassdoor.com/partner/jobListing.htm?pos=513&ao=354137&s=58&guid=000001690e3b6acb9352fd8a2b10f8f7&src=GD_JOB_AD&t=SR&extid=1&exst=OL&ist=&ast=OL&vt=w&slr=true&cs=1_09ae8ad2&cb=1550721969409&jobListingId=2857916394
142,ETL Software Developer,Next Century ," Reston, VA",https://www.glassdoor.com/partner/jobListing.htm?pos=514&ao=402693&s=58&guid=000001690e3b6acb9352fd8a2b10f8f7&src=GD_JOB_AD&t=SR&extid=1&exst=OL&ist=&ast=OL&vt=w&slr=true&cs=1_d472a30c&cb=1550721969411&jobListingId=2984838412
143,Software Engineer,Solidyn Solutions ," Fort Meade, MD",https://www.glassdoor.com/partner/jobListing.htm?pos=515&ao=352789&s=58&guid=000001690e3b6acb9352fd8a2b10f8f7&src=GD_JOB_AD&t=SR&extid=1&exst=OL&ist=&ast=OL&vt=w&slr=true&cs=1_afb6067f&cb=1550721969412&jobListingId=3124688210
144,Lead Full Stack Engineer,Upside Business Travel ," Washington, DC",https://www.glassdoor.com/partner/jobListing.htm?pos=516&ao=431449&s=58&guid=000001690e3b6acb9352fd8a2b10f8f7&src=GD_JOB_AD&t=SR&extid=1&exst=OL&ist=&ast=OL&vt=w&slr=true&cs=1_4ccacaf6&cb=1550721969413&jobListingId=3059775909
145,Software Engineer,Cantada ," Fort Meade, MD",https://www.glassdoor.com/partner/jobListing.htm?pos=517&ao=4341&s=58&guid=000001690e3b6acb9352fd8a2b10f8f7&src=GD_JOB_AD&t=SR&extid=1&exst=OL&ist=&ast=OL&vt=w&slr=true&aa=1&ea=1&cs=1_dbce5167&cb=1550721969414&jobListingId=2261924733
146,Software Engineer,MOJA ," Chantilly, VA",https://www.glassdoor.com/partner/jobListing.htm?pos=518&ao=4373&s=58&guid=000001690e3b6acb9352fd8a2b10f8f7&src=GD_JOB_AD&t=SR&extid=1&exst=OL&ist=&ast=OL&vt=w&slr=true&cs=1_4b8d5582&cb=1550721969416&jobListingId=3118754966
147,Jr Software Engineer,"Latitude, Inc. "," Washington, DC",https://www.glassdoor.com/partner/jobListing.htm?pos=519&ao=4341&s=58&guid=000001690e3b6acb9352fd8a2b10f8f7&src=GD_JOB_AD&t=SR&extid=1&exst=OL&ist=&ast=OL&vt=w&slr=true&aa=1&ea=1&cs=1_26090eae&cb=1550721969417&jobListingId=2692422669
148,Software Engineer - TS/SCI Required,Synergist Computing ," Annapolis Junction, MD",https://www.glassdoor.com/partner/jobListing.htm?pos=520&ao=349792&s=58&guid=000001690e3b6acb9352fd8a2b10f8f7&src=GD_JOB_AD&t=SR&extid=1&exst=OL&ist=&ast=OL&vt=w&slr=true&aa=1&ea=1&cs=1_867d5dcd&cb=1550721969418&jobListingId=2776597130
149,Senior Network Engineer,"MindPoint Group, LLC "," Washington, DC",https://www.glassdoor.com/partner/jobListing.htm?pos=521&ao=413750&s=58&guid=000001690e3b6acb9352fd8a2b10f8f7&src=GD_JOB_AD&t=SR&extid=1&exst=OL&ist=&ast=OL&vt=w&slr=true&cs=1_60a11f65&cb=1550721969419&jobListingId=3118503436
150,Software Engineer,West 4th Strategy ," Herndon, VA",https://www.glassdoor.com/partner/jobListing.htm?pos=522&ao=4341&s=58&guid=000001690e3b6acb9352fd8a2b10f8f7&src=GD_JOB_AD&t=SR&extid=1&exst=OL&ist=&ast=OL&vt=w&slr=true&aa=1&ea=1&cs=1_28f34b47&cb=1550721969420&jobListingId=3116658434
151,Software Engineer,"The Mayvin Consulting Group, Inc. "," Alexandria, VA",https://www.glassdoor.com/partner/jobListing.htm?pos=523&ao=52448&s=58&guid=000001690e3b6acb9352fd8a2b10f8f7&src=GD_JOB_AD&t=SR&extid=1&exst=OL&ist=&ast=OL&vt=w&slr=true&cs=1_d4a8c1a8&cb=1550721969422&jobListingId=2908984882
152,.Net Developer,Macro Solutions ," Alexandria, VA",https://www.glassdoor.com/partner/jobListing.htm?pos=524&ao=426819&s=58&guid=000001690e3b6acb9352fd8a2b10f8f7&src=GD_JOB_AD&t=SR&extid=1&exst=OL&ist=&ast=OL&vt=w&slr=true&cs=1_ba72feae&cb=1550721969423&jobListingId=3116935326
153,Salesforce Software Engineer,Avalonbay Communities ," Arlington, VA",https://www.glassdoor.com/partner/jobListing.htm?pos=525&ao=469367&s=58&guid=000001690e3b6acb9352fd8a2b10f8f7&src=GD_JOB_AD&t=SR&extid=1&exst=OL&ist=&ast=OL&vt=w&slr=true&cs=1_85095d1c&cb=1550721969424&jobListingId=3089561663
154,Network Monitoring Engineer,NetCentrics ," Arlington, VA",https://www.glassdoor.com/partner/jobListing.htm?pos=526&ao=430996&s=58&guid=000001690e3b6acb9352fd8a2b10f8f7&src=GD_JOB_AD&t=SR&extid=1&exst=OL&ist=&ast=OL&vt=w&slr=true&cs=1_06e75764&cb=1550721969425&jobListingId=3096036786
155,Software Engineer,Zachary Piper LLC ," Sully Station, VA",https://www.glassdoor.com/partner/jobListing.htm?pos=527&ao=83255&s=58&guid=000001690e3b6acb9352fd8a2b10f8f7&src=GD_JOB_AD&t=SR&extid=1&exst=OL&ist=&ast=OL&vt=w&slr=true&cs=1_bebbb960&cb=1550721969426&jobListingId=3118061565
156,Software Engineer,Aspera Inc. ," Reston, VA",https://www.glassdoor.com/partner/jobListing.htm?pos=528&ao=352789&s=58&guid=000001690e3b6acb9352fd8a2b10f8f7&src=GD_JOB_AD&t=SR&extid=1&exst=OL&ist=&ast=OL&vt=w&slr=true&cs=1_ecc3759e&cb=1550721969427&jobListingId=3124875809
157,Systems Engineer,FREEDOM CONSULTING GROUP ," Annapolis Junction, MD",https://www.glassdoor.com/partner/jobListing.htm?pos=529&ao=434560&s=58&guid=000001690e3b6acb9352fd8a2b10f8f7&src=GD_JOB_AD&t=SR&extid=1&exst=OL&ist=&ast=OL&vt=w&slr=true&cs=1_e901c1eb&cb=1550721969429&jobListingId=3098806701
158,Software Engineer - Web Applications,Integrity Applications ," Reston, VA",https://www.glassdoor.com/partner/jobListing.htm?pos=530&ao=315863&s=58&guid=000001690e3b6acb9352fd8a2b10f8f7&src=GD_JOB_AD&t=SR&extid=1&exst=OL&ist=&ast=OL&vt=w&slr=true&cs=1_bd49d637&cb=1550721969430&jobListingId=3108283844
